{"markers": [[1, [154.0, 82.0]], [2, [469.0, 97.0]], [3, [480.0, 431.0]], [4, [95.0, 402.0]]], "perspective_transformation_matrix": [[1.3831910512870293, 0.25502585008104595, -233.9235416048483], [-0.07709900105638402, 1.6190790221840627, -120.89123365641002], [5.567939233709958e-05, 0.0007496163635100559, 1.0]], "x_max": 400, "y_max": 400}